id,name,phone,email,rol
1,Kaylil De Biaggi,9826179894,kde0@about.me,Construction Worker
2,Bendite Killelea,3496912239,bkillelea1@whitehouse.gov,Engineer
3,Francesca O'Garmen,3686780963,fogarmen2@usa.gov,Electrician
4,Chantal Irce,9428154843,circe3@google.cn,Construction Manager
5,Bond Meiklejohn,2504632447,bmeiklejohn4@fastcompany.com,Estimator
6,Mark Main,6604079524,mmain5@nhs.uk,Electrician
7,Tabbi Scamadin,9532660824,tscamadin6@soundcloud.com,Surveyor
8,Allin Jaulme,1983336272,ajaulme7@newyorker.com,Electrician
9,Lacy Ashbee,3735363004,lashbee8@yandex.ru,Electrician
10,Legra Ledington,3201130724,lledington9@symantec.com,Construction Foreman
11,Jorey June,5112437375,jjunea@ebay.com,Subcontractor
12,Marigold Dearden,3954317686,mdeardenb@epa.gov,Construction Expeditor
13,Marika McGarrie,7576248734,mmcgarriec@netvibes.com,Construction Manager
14,Barbabas Fairclough,4905133037,bfaircloughd@zdnet.com,Architect
15,Dennet Stanning,1298243589,dstanninge@google.com.au,Subcontractor
16,Audrey Geri,5577378254,agerif@t-online.de,Subcontractor
17,Tabbie Brende,9178887526,tbrendeg@dot.gov,Architect
18,Chicky Drewett,4624821842,cdrewetth@xing.com,Construction Manager
19,Morgan Sikora,5041060710,msikorai@twitpic.com,Engineer
20,Jozef Vittery,9741781182,jvitteryj@sohu.com,Electrician
21,Petronella Gudahy,3609359779,pgudahyk@feedburner.com,Construction Foreman
22,Kenn Knoble,9095968585,kknoblel@hao123.com,Surveyor
23,Gallagher Stranks,1358649986,gstranksm@blog.com,Construction Expeditor
24,Bethina Hinksen,4571039114,bhinksenn@google.de,Architect
25,Bebe Blore,7674946067,bbloreo@weather.com,Architect
26,Dyane Keppie,7541473529,dkeppiep@hp.com,Construction Expeditor
27,Zerk Gabbetis,9165912565,zgabbetisq@homestead.com,Subcontractor
28,Danita Tripe,1086930610,dtriper@illinois.edu,Surveyor
29,Stephanus Wringe,8266361215,swringes@1und1.de,Architect
30,Hakim Selburn,5262200039,hselburnt@cdc.gov,Estimator
31,Dacia Blucher,3901972467,dblucheru@rediff.com,Construction Foreman
32,Muffin Bagshaw,9829355210,mbagshawv@mac.com,Architect
33,Tarah Fishpool,1633305582,tfishpoolw@go.com,Construction Manager
34,Mina Frayne,9963300830,mfraynex@cloudflare.com,Project Manager
35,Tedmund Myford,5334074184,tmyfordy@github.com,Construction Worker
36,Phillie Scrimshire,7136256093,pscrimshirez@nifty.com,Subcontractor
37,Jed MacAskie,7802377908,jmacaskie10@themeforest.net,Construction Manager
38,Denice Attwool,2945815243,dattwool11@discuz.net,Construction Worker
39,Aldon Budik,5872111702,abudik12@msu.edu,Project Manager
40,Neils Longthorn,7045245041,nlongthorn13@trellian.com,Subcontractor
41,Marigold Needham,6374952047,mneedham14@accuweather.com,Estimator
42,Clyve Longhorn,9479984765,clonghorn15@gov.uk,Construction Manager
43,Allyn MacNess,1021850235,amacness16@usgs.gov,Estimator
44,Joete Humphrys,2547597774,jhumphrys17@cmu.edu,Supervisor
45,Livia Timlett,4231388026,ltimlett18@princeton.edu,Subcontractor
46,Curr Stanger,3362029061,cstanger19@ucsd.edu,Construction Foreman
47,Wilbur O'Fogarty,9605375975,wofogarty1a@kickstarter.com,Construction Manager
48,Mollie Lodovichi,7445224569,mlodovichi1b@tamu.edu,Engineer
49,Donaugh Greated,4405916878,dgreated1c@disqus.com,Electrician
50,Jesse Winton,6734412779,jwinton1d@feedburner.com,Supervisor
51,Teddie Pedgrift,6262217803,tpedgrift1e@gov.uk,Project Manager
52,Haily Sissland,4511826873,hsissland1f@360.cn,Project Manager
53,Bobine Dudden,9989030431,bdudden1g@desdev.cn,Construction Foreman
54,Madelina Gunthorpe,6739868730,mgunthorpe1h@tuttocitta.it,Construction Manager
55,Vincents Preene,8019716131,vpreene1i@addtoany.com,Surveyor
56,Jonah Tudgay,9749378571,jtudgay1j@businessweek.com,Construction Worker
57,Samson Kilgour,9831640846,skilgour1k@who.int,Architect
58,Silva Annes,5561119339,sannes1l@marketwatch.com,Construction Worker
59,Luelle Cregan,4259965342,lcregan1m@rambler.ru,Surveyor
60,Phip Edeler,2288220031,pedeler1n@mit.edu,Estimator
61,Rosalynd Wohlers,9366809401,rwohlers1o@wikimedia.org,Architect
62,Madelene Zanini,1129929036,mzanini1p@purevolume.com,Estimator
63,Elizabeth Purselow,2063532072,epurselow1q@cafepress.com,Architect
64,Fran Yeatman,6509826730,fyeatman1r@forbes.com,Construction Worker
65,Margareta Turland,3225105967,mturland1s@epa.gov,Estimator
66,Bel McCallister,6753777658,bmccallister1t@trellian.com,Engineer
67,Robinson Sherer,3372562715,rsherer1u@devhub.com,Supervisor
68,Kellia Cardello,3098129623,kcardello1v@shareasale.com,Electrician
69,Melisse Rabson,3851187836,mrabson1w@yahoo.co.jp,Electrician
70,Adolph Undrill,2427704078,aundrill1x@bloglines.com,Electrician
71,Lynna Tubbs,8441216120,ltubbs1y@youtu.be,Subcontractor
72,Othella Buddles,2074396906,obuddles1z@imdb.com,Estimator
73,Vinny Loxdale,1335747453,vloxdale20@etsy.com,Project Manager
74,Kimberlyn Orteau,3113234141,korteau21@merriam-webster.com,Estimator
75,Magdalena Toffolo,3774332427,mtoffolo22@pbs.org,Project Manager
76,Correy McNair,6603392077,cmcnair23@wordpress.org,Construction Foreman
77,Brewster Baitman,8441479718,bbaitman24@cdbaby.com,Engineer
78,Phebe Mellem,7209157090,pmellem25@wordpress.org,Subcontractor
79,Andrej Carreck,5788198125,acarreck26@bandcamp.com,Surveyor
80,Karyl Abrahamsohn,4243059642,kabrahamsohn27@tmall.com,Supervisor
81,Jacki Sackur,2259081872,jsackur28@jigsy.com,Construction Expeditor
82,Sonnie Dowglass,2886030067,sdowglass29@mlb.com,Estimator
83,Ogdan Artrick,7289207148,oartrick2a@behance.net,Construction Foreman
84,Drucy Gatty,3006354416,dgatty2b@ucsd.edu,Engineer
85,Welby Penkethman,8142509781,wpenkethman2c@google.de,Engineer
86,Kassey Roizn,8551093668,kroizn2d@spiegel.de,Construction Worker
87,Tiebout Jamson,1507184423,tjamson2e@nationalgeographic.com,Architect
88,Glendon Rosendorf,6484568540,grosendorf2f@360.cn,Estimator
89,Twyla Maier,5364847554,tmaier2g@usgs.gov,Project Manager
90,Johna MacConnell,7669130013,jmacconnell2h@tripadvisor.com,Construction Expeditor
91,Vivie Traske,6072863101,vtraske2i@csmonitor.com,Surveyor
92,Chrissie Bloor,8167795253,cbloor2j@example.com,Subcontractor
93,Neda Bickers,3804824910,nbickers2k@about.me,Construction Manager
94,Daisie Ruger,5942514965,druger2l@google.es,Estimator
95,Chelsea Farra,4082608168,cfarra2m@reddit.com,Supervisor
96,Margery McCrostie,1034035071,mmccrostie2n@elpais.com,Engineer
97,Lonny Rubrow,4621084753,lrubrow2o@psu.edu,Estimator
98,Nancie Koppen,6465057350,nkoppen2p@e-recht24.de,Construction Expeditor
99,Francisca Gregoire,4177543064,fgregoire2q@webnode.com,Supervisor
100,Stefano Beedom,5395215688,sbeedom2r@angelfire.com,Architect
101,Cari Chatburn,2254207089,cchatburn2s@baidu.com,Supervisor
102,Randell Whether,2471254773,rwhether2t@rakuten.co.jp,Architect
103,Enos O'Corr,7556578956,eocorr2u@cam.ac.uk,Estimator
104,Sarge aManger,1242598529,samanger2v@parallels.com,Subcontractor
105,Laural Mahaddie,4007847787,lmahaddie2w@seattletimes.com,Construction Worker
106,Lou Breeton,2762377030,lbreeton2x@go.com,Project Manager
107,Etti Cianelli,6963221897,ecianelli2y@geocities.jp,Estimator
108,Salmon Nehlsen,7849572703,snehlsen2z@weebly.com,Construction Manager
109,Willa Hoble,5685045153,whoble30@tuttocitta.it,Construction Worker
110,Anabel Hauxwell,7032904055,ahauxwell31@toplist.cz,Estimator
111,Remy Glendining,8425418969,rglendining32@marriott.com,Surveyor
112,Victoria Proom,2959548351,vproom33@usda.gov,Construction Expeditor
113,Joline Liepins,3274666146,jliepins34@multiply.com,Estimator
114,Cody Mokes,5708536551,cmokes35@va.gov,Construction Foreman
115,Hester Deevey,2153265408,hdeevey36@apache.org,Subcontractor
116,Alix Lodovichi,1624241117,alodovichi37@weibo.com,Architect
117,Elwood Fundell,5755926940,efundell38@dmoz.org,Surveyor
118,Alene Agglio,5518399379,aagglio39@flickr.com,Supervisor
119,Barbie Wyd,6418970636,bwyd3a@delicious.com,Project Manager
120,Marie-jeanne Wassung,9661854442,mwassung3b@digg.com,Subcontractor
121,Lurline Hammor,8866408389,lhammor3c@ucoz.ru,Construction Expeditor
122,Loralee Stilly,9738073993,lstilly3d@baidu.com,Estimator
123,Taylor Valler,2992878064,tvaller3e@geocities.jp,Supervisor
124,Lief Hulett,8008337246,lhulett3f@unblog.fr,Construction Worker
125,Cherlyn Lindwall,9645925727,clindwall3g@tmall.com,Engineer
126,Lewes Pothergill,1971888794,lpothergill3h@geocities.com,Subcontractor
127,Lesly Hallows,5518720441,lhallows3i@chronoengine.com,Supervisor
128,Susie Gennrich,2728582174,sgennrich3j@goo.ne.jp,Surveyor
129,Foss Milkins,7842216419,fmilkins3k@baidu.com,Supervisor
130,Tricia Kryszkiecicz,3635940878,tkryszkiecicz3l@jugem.jp,Subcontractor
131,Nancie Huckerby,7838155108,nhuckerby3m@oaic.gov.au,Construction Manager
132,Irv Barrow,3504229199,ibarrow3n@japanpost.jp,Construction Foreman
133,Gerty Odney,2692713978,godney3o@google.it,Project Manager
134,Jermaine Haffner,9151288458,jhaffner3p@illinois.edu,Subcontractor
135,Jodi Cockin,5347871346,jcockin3q@spiegel.de,Project Manager
136,Gennie Upstone,8707297790,gupstone3r@livejournal.com,Construction Expeditor
137,Gustie Vankov,3174550261,gvankov3s@epa.gov,Surveyor
138,Karalynn Snoddin,7003161764,ksnoddin3t@marriott.com,Construction Worker
139,Pedro Sains,9216907275,psains3u@state.tx.us,Subcontractor
140,Cal McDyer,8792263424,cmcdyer3v@hc360.com,Surveyor
141,Grissel Gergher,9357587720,ggergher3w@europa.eu,Construction Worker
142,Melisenda Rozec,1255482619,mrozec3x@dailymail.co.uk,Construction Worker
143,Eb Eddowis,5099857777,eeddowis3y@senate.gov,Estimator
144,Corina Dosedale,1668467328,cdosedale3z@theatlantic.com,Supervisor
145,Torr Pollins,1025578232,tpollins40@macromedia.com,Construction Foreman
146,Lenard Mercey,7351798809,lmercey41@disqus.com,Construction Manager
147,Hobard Van der Hoeven,9069923512,hvan42@yandex.ru,Engineer
148,Cord Kondratenya,5854862741,ckondratenya43@wikispaces.com,Electrician
149,Duff Drugan,5203521945,ddrugan44@howstuffworks.com,Electrician
150,Torin Beames,7666140256,tbeames45@prweb.com,Project Manager
151,Lawry Rihanek,3522400619,lrihanek46@last.fm,Estimator
152,Terrence Kindon,3378899129,tkindon47@etsy.com,Construction Manager
153,Malvin Towner,8681999385,mtowner48@craigslist.org,Construction Expeditor
154,Quinton Marsy,5885996829,qmarsy49@seesaa.net,Project Manager
155,Kiah Vaadeland,8752211027,kvaadeland4a@last.fm,Construction Foreman
156,Cornie Jursch,5883189198,cjursch4b@delicious.com,Engineer
157,Stanislaw Dowdeswell,1957164454,sdowdeswell4c@paginegialle.it,Construction Manager
158,Nat O'Fallon,7021711227,nofallon4d@latimes.com,Project Manager
159,Monroe Bonifant,6388268968,mbonifant4e@tinyurl.com,Construction Foreman
160,Reg Rieme,9481794619,rrieme4f@comsenz.com,Estimator
161,Joyan Mattis,9103420578,jmattis4g@paypal.com,Surveyor
162,Jone Heditch,5853033221,jheditch4h@berkeley.edu,Estimator
163,Dayna Corden,3571973326,dcorden4i@nature.com,Electrician
164,Jared Belchamber,3747615984,jbelchamber4j@illinois.edu,Construction Expeditor
165,Kacey Burgis,7411993988,kburgis4k@mapquest.com,Engineer
166,Anastassia Fulloway,1991973863,afulloway4l@house.gov,Surveyor
167,Karry Broome,3931863529,kbroome4m@privacy.gov.au,Engineer
168,Fayina Quesne,6805445946,fquesne4n@aol.com,Construction Manager
169,Tammy Annesley,9844759043,tannesley4o@msu.edu,Architect
170,Dix Starton,2001285269,dstarton4p@vistaprint.com,Subcontractor
171,See Genge,8413697350,sgenge4q@google.co.uk,Subcontractor
172,Damara Borborough,7889509526,dborborough4r@typepad.com,Construction Manager
173,Bobby Heinecke,2099524083,bheinecke4s@cargocollective.com,Subcontractor
174,Melesa Nutbrown,3981773262,mnutbrown4t@xing.com,Engineer
175,Rawley Skeldinge,8006297610,rskeldinge4u@goodreads.com,Electrician
176,Max Bushell,4964042001,mbushell4v@bbb.org,Construction Manager
177,Aida Kettell,5136465642,akettell4w@histats.com,Surveyor
178,Rey Bingle,8631898354,rbingle4x@blogger.com,Engineer
179,Mateo Blockwell,7381855295,mblockwell4y@mit.edu,Estimator
180,Libbi Jaslem,9225194794,ljaslem4z@dmoz.org,Project Manager
181,Ilyse Treneer,3671113086,itreneer50@spotify.com,Subcontractor
182,Esdras Wikey,8154306374,ewikey51@symantec.com,Engineer
183,Ambrose Culbert,6484455738,aculbert52@aol.com,Electrician
184,Damita Skelcher,4309931590,dskelcher53@pinterest.com,Surveyor
185,Millisent Erratt,2498149689,merratt54@fotki.com,Project Manager
186,Madlen Rushby,9895043232,mrushby55@simplemachines.org,Subcontractor
187,Mair Hartgill,1436191154,mhartgill56@google.com.au,Surveyor
188,Candy Deport,7688889731,cdeport57@soundcloud.com,Architect
189,Theodor Cawthera,9118845872,tcawthera58@vkontakte.ru,Construction Worker
190,Edeline Pitrollo,7246004891,epitrollo59@telegraph.co.uk,Architect
191,Farley McFetridge,8441319218,fmcfetridge5a@stumbleupon.com,Project Manager
192,Pia Orris,9734270763,porris5b@acquirethisname.com,Architect
193,Gussie Kerrich,5075787147,gkerrich5c@reference.com,Estimator
194,Lexy Dunhill,7228557313,ldunhill5d@europa.eu,Architect
195,Pierette Wonham,9511682199,pwonham5e@live.com,Construction Foreman
196,Berkly Cancutt,7537261752,bcancutt5f@posterous.com,Project Manager
197,Regine Jendrusch,2046716785,rjendrusch5g@people.com.cn,Construction Expeditor
198,Stephani Curuclis,4374776172,scuruclis5h@reverbnation.com,Construction Manager
199,Trudi Satchell,1603878998,tsatchell5i@nba.com,Construction Worker
200,Brina Cupitt,3979465206,bcupitt5j@shutterfly.com,Architect
201,Annabell Peebles,5493895887,apeebles5k@netvibes.com,Construction Worker
202,Martainn Learmouth,3278490599,mlearmouth5l@bbc.co.uk,Electrician
203,Hildagard Curlis,4393267039,hcurlis5m@globo.com,Construction Foreman
204,Stephen Hulls,9758758527,shulls5n@ihg.com,Estimator
205,Blisse Given,5615180907,bgiven5o@nymag.com,Construction Manager
206,Michele Slay,8266351022,mslay5p@tmall.com,Electrician
207,Gert Cleynaert,8055255512,gcleynaert5q@senate.gov,Construction Worker
208,Charmain Tween,4165320023,ctween5r@webs.com,Project Manager
209,Etta Duke,3371286180,eduke5s@china.com.cn,Construction Manager
210,Charmaine Cotman,3007719461,ccotman5t@youku.com,Construction Foreman
211,Ritchie Richemont,6081596786,rrichemont5u@devhub.com,Construction Worker
212,Nikolos Lemmon,5674984834,nlemmon5v@geocities.jp,Construction Manager
213,Gerrilee Linnell,1106107924,glinnell5w@simplemachines.org,Architect
214,Carmon Sparey,4395147593,csparey5x@usgs.gov,Subcontractor
215,Eliot Doig,2418460545,edoig5y@apache.org,Construction Foreman
216,Grace Bouzan,2735212249,gbouzan5z@over-blog.com,Electrician
217,Lyndsay Audiss,8311383813,laudiss60@google.es,Surveyor
218,Claribel Bygrave,5131188314,cbygrave61@shutterfly.com,Construction Expeditor
219,Rochester Crowd,3149025864,rcrowd62@time.com,Construction Foreman
220,Eddi Paish,7313130880,epaish63@latimes.com,Construction Foreman
221,Alice Maria,4609760600,amaria64@cdc.gov,Estimator
222,Ulrich Fetteplace,5331207621,ufetteplace65@reuters.com,Construction Foreman
223,Catherine Mixer,5054884631,cmixer66@facebook.com,Subcontractor
224,Lorenza Hartle,6996380206,lhartle67@samsung.com,Project Manager
225,Patten Scarff,6001826128,pscarff68@yellowbook.com,Construction Foreman
226,Erek Lantaff,3442255638,elantaff69@fotki.com,Architect
227,Almeda Henmarsh,8967987366,ahenmarsh6a@hugedomains.com,Engineer
228,Coletta Arnolds,2303991812,carnolds6b@sciencedirect.com,Engineer
229,Karil Okenden,5976798189,kokenden6c@blog.com,Supervisor
230,Daria Beere,4481924731,dbeere6d@netscape.com,Subcontractor
231,Pacorro Baptiste,2444042598,pbaptiste6e@soundcloud.com,Construction Expeditor
232,Kristi Deverille,9039956877,kdeverille6f@va.gov,Subcontractor
233,Murial Bugby,5235549635,mbugby6g@usda.gov,Construction Expeditor
234,Charissa Zanitti,7124464706,czanitti6h@yandex.ru,Construction Foreman
235,Adolf Ravenshaw,7301252807,aravenshaw6i@rambler.ru,Architect
236,Allianora Butterwick,9941122195,abutterwick6j@baidu.com,Supervisor
237,Barb Kendrew,7083583409,bkendrew6k@phpbb.com,Construction Worker
238,Tobe Foxen,9146098508,tfoxen6l@wordpress.org,Construction Expeditor
239,Wilie Fugere,4293200517,wfugere6m@prnewswire.com,Construction Worker
240,Quintana Ramshaw,5208380614,qramshaw6n@microsoft.com,Construction Expeditor
241,Martynne Ibel,8299920543,mibel6o@soup.io,Engineer
242,Humfrey Gammade,5294645534,hgammade6p@gizmodo.com,Construction Manager
243,Jacquelynn Brett,5355445983,jbrett6q@hud.gov,Construction Foreman
244,Alister Renn,1331261676,arenn6r@ucla.edu,Construction Manager
245,Had MacKaig,5098172799,hmackaig6s@nature.com,Construction Foreman
246,Jehanna Nimmo,3582015410,jnimmo6t@newyorker.com,Construction Foreman
247,Mariquilla Coston,8772734152,mcoston6u@home.pl,Construction Expeditor
248,Audie McCrillis,3506974967,amccrillis6v@reverbnation.com,Engineer
249,Bryanty Plaunch,8306650264,bplaunch6w@mac.com,Architect
250,Stephi Merrin,3029299216,smerrin6x@marriott.com,Electrician
251,Rick MacAllan,8212045602,rmacallan6y@nasa.gov,Estimator
252,Katerine Mold,7585010226,kmold6z@skype.com,Construction Worker
253,Ralf Holleran,7017703525,rholleran70@hatena.ne.jp,Project Manager
254,Clyde Francais,1031276354,cfrancais71@homestead.com,Subcontractor
255,Rubin Caney,5661770018,rcaney72@nymag.com,Construction Worker
256,Gilberto Banisch,9264396578,gbanisch73@github.com,Construction Foreman
257,Sherrie McGill,5112874290,smcgill74@paypal.com,Estimator
258,Katharina Baudino,8117179760,kbaudino75@friendfeed.com,Construction Worker
259,Borden Bishell,9145634465,bbishell76@51.la,Construction Worker
260,Rosita Riddick,5323667711,rriddick77@photobucket.com,Construction Expeditor
261,Margret Tremontana,3624009529,mtremontana78@ibm.com,Supervisor
262,Bria Tregonna,1557578497,btregonna79@feedburner.com,Subcontractor
263,Adora Dermott,5121909816,adermott7a@nifty.com,Architect
264,David Harbor,5093171218,dharbor7b@gizmodo.com,Project Manager
265,Lorenza Dyte,7767463678,ldyte7c@de.vu,Construction Expeditor
266,Nathanil Bullar,8149055117,nbullar7d@who.int,Architect
267,Zaneta Jacox,3356279419,zjacox7e@godaddy.com,Construction Expeditor
268,Babbette Skehens,6087535165,bskehens7f@usgs.gov,Surveyor
269,Abdul Chantrell,3902062687,achantrell7g@goo.ne.jp,Surveyor
270,Audre Steed,2399165896,asteed7h@loc.gov,Architect
271,Selinda Delmage,6445761180,sdelmage7i@deviantart.com,Project Manager
272,Judd Nalder,5274497028,jnalder7j@sfgate.com,Construction Expeditor
273,Fidelia Search,1698259242,fsearch7k@tripadvisor.com,Construction Expeditor
274,Marybelle Burnsides,6313780586,mburnsides7l@plala.or.jp,Architect
275,Janaya Oyley,9509391670,joyley7m@wufoo.com,Architect
276,Nichole Sharrier,5505863922,nsharrier7n@aol.com,Estimator
277,Danika Mathewes,4102346285,dmathewes7o@theatlantic.com,Project Manager
278,Robbin Armit,4899839667,rarmit7p@ucsd.edu,Construction Expeditor
279,Torrin Duesbury,2042020077,tduesbury7q@delicious.com,Supervisor
280,Waldon Kaemena,2453433446,wkaemena7r@oaic.gov.au,Construction Worker
281,Barbaraanne Pettiford,2592785610,bpettiford7s@cam.ac.uk,Construction Manager
282,Sadye Courage,9788677976,scourage7t@com.com,Estimator
283,Pam Sapena,8509569231,psapena7u@ezinearticles.com,Supervisor
284,Angelina Fairfull,5675984495,afairfull7v@microsoft.com,Architect
285,Isaiah Fenix,2916976411,ifenix7w@histats.com,Construction Manager
286,Lemar Layburn,2909215993,llayburn7x@imdb.com,Supervisor
287,Xenos Fouracre,5008424395,xfouracre7y@arizona.edu,Subcontractor
288,Malvin Guitte,6999255526,mguitte7z@yolasite.com,Estimator
289,Bette-ann Mortell,2883892183,bmortell80@cloudflare.com,Construction Manager
290,Kerry Reglar,2513987704,kreglar81@narod.ru,Construction Foreman
291,Rodie Grotty,4486535468,rgrotty82@boston.com,Project Manager
292,Tabby Vipan,4762547738,tvipan83@sogou.com,Estimator
293,Farah Venditto,5997071966,fvenditto84@dailymail.co.uk,Architect
294,Clair Fackney,3385910339,cfackney85@dmoz.org,Architect
295,Torrin Pedrielli,7127973301,tpedrielli86@bluehost.com,Architect
296,Phil Wilstead,5133311974,pwilstead87@thetimes.co.uk,Project Manager
297,Jeramie Postins,2967619564,jpostins88@upenn.edu,Construction Foreman
298,Fair Neles,1672145000,fneles89@about.me,Construction Manager
299,Damara Dispencer,6407614566,ddispencer8a@usnews.com,Supervisor
300,Felike Delves,3263456115,fdelves8b@netscape.com,Surveyor
301,Morley Bacup,5405151902,mbacup8c@wikispaces.com,Electrician
302,Janel Bolwell,2871586426,jbolwell8d@furl.net,Architect
303,Allie Scoffins,8862027460,ascoffins8e@icio.us,Subcontractor
304,Caryl Sanson,4061492474,csanson8f@hubpages.com,Construction Manager
305,Halsy Stains,6635421886,hstains8g@netlog.com,Estimator
306,Binnie Cornish,6019951766,bcornish8h@spiegel.de,Estimator
307,Keelia Simmance,6664585139,ksimmance8i@aol.com,Construction Foreman
308,Brinn Haw,4148282295,bhaw8j@cmu.edu,Supervisor
309,Kippar Keers,6816815962,kkeers8k@behance.net,Construction Foreman
310,Janos Scorthorne,4348347136,jscorthorne8l@jiathis.com,Engineer
311,Thia Wandrey,9133607563,twandrey8m@tumblr.com,Estimator
312,Amalee Clipsham,5095654887,aclipsham8n@unblog.fr,Surveyor
313,Nico Du Barry,5407858324,ndu8o@mysql.com,Engineer
314,Ronny Le Gall,9161767105,rle8p@google.ru,Construction Foreman
315,Sly Buglar,3368309913,sbuglar8q@dot.gov,Architect
316,Ivett McCarty,4165722607,imccarty8r@is.gd,Construction Expeditor
317,Chrissie Tyler,1594084460,ctyler8s@google.com.br,Supervisor
318,Fernande Callcott,1192215042,fcallcott8t@forbes.com,Electrician
319,Dionysus Tweedy,9508186773,dtweedy8u@bizjournals.com,Supervisor
320,Juan Bowerman,1787081848,jbowerman8v@fema.gov,Construction Manager
321,Ingrid Bleakley,6923243958,ibleakley8w@aboutads.info,Construction Expeditor
322,Rouvin Walling,8805145249,rwalling8x@tripadvisor.com,Construction Foreman
323,Ogdon Staff,5688041079,ostaff8y@omniture.com,Project Manager
324,Phil McAusland,2273316839,pmcausland8z@nhs.uk,Engineer
325,Salvidor Abbis,4451732986,sabbis90@cnn.com,Estimator
326,Bekki Standall,3305450573,bstandall91@npr.org,Architect
327,Rosaleen Serraillier,6783192404,rserraillier92@time.com,Construction Manager
328,Stanwood Cherrington,8013216322,scherrington93@redcross.org,Construction Expeditor
329,Odelinda Bellefonte,8933544861,obellefonte94@economist.com,Subcontractor
330,Ara Speek,3386849611,aspeek95@zdnet.com,Construction Worker
331,Leroi Alp,3037420911,lalp96@skype.com,Project Manager
332,Robbie Lucock,8647176788,rlucock97@nbcnews.com,Subcontractor
333,Mariann Bulteel,4903350825,mbulteel98@sourceforge.net,Estimator
334,Carrissa Liggett,7022061363,cliggett99@msn.com,Electrician
335,Celestine Pennone,3239907145,cpennone9a@biblegateway.com,Surveyor
336,Raeann Belcham,8054982337,rbelcham9b@barnesandnoble.com,Architect
337,Gwenny Gullane,2557975369,ggullane9c@vistaprint.com,Construction Expeditor
338,Bond McSaul,8596792134,bmcsaul9d@washington.edu,Construction Worker
339,Roderic Rahl,4351596381,rrahl9e@facebook.com,Construction Manager
340,Kurtis Berryann,7682588160,kberryann9f@example.com,Architect
341,Blake Gever,2225399031,bgever9g@census.gov,Construction Expeditor
342,Teena Gregorowicz,1139470907,tgregorowicz9h@senate.gov,Architect
343,Margo Gabbidon,3166709335,mgabbidon9i@shareasale.com,Supervisor
344,Anett Yes,4301693605,ayes9j@nymag.com,Supervisor
345,Jessie McGillecole,8605507136,jmcgillecole9k@is.gd,Engineer
346,Glenn McDavid,8027575433,gmcdavid9l@goo.gl,Construction Manager
347,Oralia Dungee,5768972983,odungee9m@parallels.com,Electrician
348,Kathleen Le Grove,7018512704,kle9n@deliciousdays.com,Construction Expeditor
349,Coriss Heild,4258193640,cheild9o@themeforest.net,Estimator
350,Anissa Sanja,9692524019,asanja9p@nsw.gov.au,Supervisor
351,Raven Smeeton,2451520947,rsmeeton9q@wiley.com,Construction Foreman
352,Nataline Collingdon,2515821601,ncollingdon9r@wiley.com,Engineer
353,Jena Pyburn,7952706997,jpyburn9s@spotify.com,Supervisor
354,Odell Ellcome,6892759991,oellcome9t@people.com.cn,Construction Foreman
355,Melissa Fradson,2218427466,mfradson9u@bizjournals.com,Subcontractor
356,Natala Iacivelli,2179077201,niacivelli9v@mashable.com,Electrician
357,Doreen Osban,3041953386,dosban9w@blogs.com,Project Manager
358,Roscoe Dumphy,8551431521,rdumphy9x@scribd.com,Engineer
359,Cherye Bentley,6632701230,cbentley9y@prweb.com,Engineer
360,Caldwell Yeude,3718691874,cyeude9z@privacy.gov.au,Architect
361,Jordanna Ricardot,8483270855,jricardota0@wufoo.com,Construction Worker
362,Teddi Rosell,9989282694,trosella1@gnu.org,Architect
363,Shea Bartolomeotti,3962011213,sbartolomeottia2@friendfeed.com,Construction Manager
364,Web Emmanuel,9981138249,wemmanuela3@t-online.de,Engineer
365,Sabrina Hallewell,5176212824,shallewella4@deliciousdays.com,Engineer
366,Thoma Curzey,9054483197,tcurzeya5@stanford.edu,Construction Expeditor
367,Kirsteni McPherson,8855725502,kmcphersona6@blinklist.com,Surveyor
368,Dix Vern,3162110287,dverna7@odnoklassniki.ru,Supervisor
369,Patrizia Heintze,2693405101,pheintzea8@ed.gov,Construction Manager
370,Padraic Hamal,6272808657,phamala9@booking.com,Supervisor
371,Melita Orhtmann,2218135051,morhtmannaa@pen.io,Surveyor
372,Carlye Knutton,4264961314,cknuttonab@ow.ly,Construction Foreman
373,Orren Gratrex,3832978421,ogratrexac@nationalgeographic.com,Surveyor
374,Carita Wallbrook,8899343642,cwallbrookad@sciencedaily.com,Construction Expeditor
375,Terry Outright,2974354859,toutrightae@google.ca,Construction Expeditor
376,Hamlin McLoughlin,8475916923,hmcloughlinaf@about.me,Construction Worker
377,Trace Bartos,8184902640,tbartosag@goo.gl,Project Manager
378,Lynnette Corkitt,8318452679,lcorkittah@mit.edu,Electrician
379,Dasi Shadrack,1521422047,dshadrackai@g.co,Construction Expeditor
380,Nigel Mattioni,4909133284,nmattioniaj@ow.ly,Construction Foreman
381,Pippy Gibbe,9722595949,pgibbeak@geocities.com,Electrician
382,Janna Banner,8282516784,jbanneral@nps.gov,Surveyor
383,Aurlie Trudgian,1017268808,atrudgianam@google.com.br,Estimator
384,Audre Ferrick,7509237322,aferrickan@indiegogo.com,Subcontractor
385,Sabina Light,8345138754,slightao@illinois.edu,Electrician
386,Chickie Strewthers,1068537954,cstrewthersap@dagondesign.com,Electrician
387,Pam Bortolini,4807427831,pbortoliniaq@symantec.com,Surveyor
388,Joela Rennison,3329624508,jrennisonar@yahoo.co.jp,Engineer
389,Rodney Oen,8939487163,roenas@nature.com,Subcontractor
390,Rutter Drewry,4536065335,rdrewryat@state.gov,Construction Worker
391,Johann Tugwell,5051995315,jtugwellau@imgur.com,Surveyor
392,Gretal Beare,5627322454,gbeareav@blogs.com,Electrician
393,Irvine Schubert,3531898907,ischubertaw@netscape.com,Construction Expeditor
394,Raine Dendle,6234523338,rdendleax@theguardian.com,Subcontractor
395,Al Thornber,4728031982,athornberay@imdb.com,Engineer
396,Justen Loakes,7352630335,jloakesaz@ezinearticles.com,Project Manager
397,Mavis Radloff,8649028539,mradloffb0@symantec.com,Architect
398,Kacey Frosdick,9715740243,kfrosdickb1@deviantart.com,Surveyor
399,Haily Feasley,5173016402,hfeasleyb2@microsoft.com,Surveyor
400,Friederike Jedrasik,7681825022,fjedrasikb3@va.gov,Surveyor
401,Franny O'Caherny,4549654968,focahernyb4@github.io,Construction Manager
402,Helsa Pringuer,4719976499,hpringuerb5@hibu.com,Estimator
403,Deidre Obee,1481247251,dobeeb6@linkedin.com,Construction Worker
404,Derril Divill,9128637816,ddivillb7@huffingtonpost.com,Project Manager
405,Ivette Janse,9344711224,ijanseb8@a8.net,Project Manager
406,Archie Roseblade,1609527929,arosebladeb9@adobe.com,Construction Foreman
407,Lindy Standley,4297031575,lstandleyba@github.com,Subcontractor
408,Lucina Gringley,4738557908,lgringleybb@wikipedia.org,Supervisor
409,Buffy Strettell,7118616682,bstrettellbc@epa.gov,Construction Worker
410,Lura Mullarkey,6521753190,lmullarkeybd@bloglovin.com,Construction Foreman
411,Ray Loughton,1697984273,rloughtonbe@bbb.org,Construction Manager
412,Kristi Stannah,4119255577,kstannahbf@google.com.br,Architect
413,Georgie Gregon,2602314381,ggregonbg@businessweek.com,Construction Foreman
414,Ernest Ferrari,2976147430,eferraribh@lulu.com,Architect
415,Evaleen Palmby,2055362424,epalmbybi@tamu.edu,Electrician
416,Zena Buggs,2298324353,zbuggsbj@nhs.uk,Engineer
417,Joana Dainton,3316923293,jdaintonbk@baidu.com,Construction Worker
418,Desmond Milillo,8516776173,dmilillobl@plala.or.jp,Construction Worker
419,Matthieu Palin,6458986017,mpalinbm@spotify.com,Subcontractor
420,Cirillo Witherup,9847012974,cwitherupbn@goodreads.com,Construction Expeditor
421,Kippie Jaskiewicz,4633727976,kjaskiewiczbo@lulu.com,Engineer
422,Emmalynne Rebeiro,1347679648,erebeirobp@indiegogo.com,Electrician
423,Eduino Franceschielli,8038232251,efranceschiellibq@wisc.edu,Construction Manager
424,Marianna Demchen,6517279394,mdemchenbr@thetimes.co.uk,Project Manager
425,Sunny Hammel,7097745978,shammelbs@sina.com.cn,Construction Worker
426,Karoline Beauchamp,5597758128,kbeauchampbt@go.com,Subcontractor
427,Emlyn Santarelli,9646239297,esantarellibu@weather.com,Estimator
428,Giacinta Ping,6658258847,gpingbv@google.ru,Architect
429,Darelle Peat,4197778334,dpeatbw@cpanel.net,Architect
430,Pincus Knapper,2877139672,pknapperbx@utexas.edu,Engineer
431,Lelia Boagey,4186975095,lboageyby@newsvine.com,Architect
432,Anders Ghiron,9158510247,aghironbz@elpais.com,Construction Foreman
433,Andrey Groveham,2378395471,agrovehamc0@odnoklassniki.ru,Engineer
434,Hestia Skeggs,3969994165,hskeggsc1@typepad.com,Architect
435,Claudine Caseborne,3638024589,ccasebornec2@mail.ru,Construction Expeditor
436,Elsy Vondracek,5317925781,evondracekc3@gravatar.com,Supervisor
437,Marje Figliovanni,4493978398,mfigliovannic4@ow.ly,Surveyor
438,Neilla Achrameev,4657723521,nachrameevc5@sbwire.com,Construction Manager
439,Netty Dummer,8654902456,ndummerc6@blog.com,Construction Foreman
440,Stoddard Wickersham,1807294536,swickershamc7@utexas.edu,Project Manager
441,Evvy Ochterlony,5515582505,eochterlonyc8@quantcast.com,Construction Expeditor
442,Vitia Dresser,2255231860,vdresserc9@mysql.com,Surveyor
443,Amelie Kirkpatrick,1367811637,akirkpatrickca@goo.ne.jp,Estimator
444,Reggie Bourgourd,4135136146,rbourgourdcb@pagesperso-orange.fr,Subcontractor
445,Nikkie Burborough,6626188321,nburboroughcc@rambler.ru,Construction Worker
446,Gerianna Furmedge,3766199284,gfurmedgecd@ted.com,Construction Manager
447,Harri Kleinholz,8944856033,hkleinholzce@buzzfeed.com,Surveyor
448,Jarrad Barkshire,2951710506,jbarkshirecf@smugmug.com,Construction Expeditor
449,Claudia Schwaiger,8514171823,cschwaigercg@amazon.com,Construction Expeditor
450,Reeta Bullant,8661838412,rbullantch@sfgate.com,Construction Worker
451,Sela Walshaw,2656342901,swalshawci@arizona.edu,Construction Manager
452,Blondell Cuttings,6587335966,bcuttingscj@twitter.com,Estimator
453,Rey Suddock,4535333724,rsuddockck@dailymotion.com,Construction Worker
454,Tresa Fripp,7665281080,tfrippcl@zdnet.com,Construction Foreman
455,Sanderson Fyldes,8118879076,sfyldescm@loc.gov,Architect
456,Mariam Blissett,6927911602,mblissettcn@list-manage.com,Subcontractor
457,Eveleen Bryett,3023726430,ebryettco@yahoo.com,Supervisor
458,Heinrik Luparto,7626038402,hlupartocp@alexa.com,Subcontractor
459,Titus Goldin,3513576992,tgoldincq@usnews.com,Construction Manager
460,Cherry Harverson,9021485432,charversoncr@narod.ru,Construction Expeditor
461,Feliza Kearton,5384529859,fkeartoncs@mozilla.com,Construction Worker
462,Paddy Deevey,2247750303,pdeeveyct@sun.com,Estimator
463,Claudianus Snooks,1071192184,csnookscu@storify.com,Construction Expeditor
464,Lenora Hallgath,9661287911,lhallgathcv@ask.com,Surveyor
465,Mohandis Smart,1808620679,msmartcw@shareasale.com,Supervisor
466,Inglebert Piell,2311849675,ipiellcx@google.ca,Surveyor
467,Finn Oldroyde,7397097485,foldroydecy@alibaba.com,Architect
468,Rosanna Kiernan,3125697508,rkiernancz@indiegogo.com,Surveyor
469,Katie Jozefiak,4159542973,kjozefiakd0@google.nl,Supervisor
470,Berkly Taberner,3807519551,btabernerd1@ning.com,Supervisor
471,Shoshana Lawrie,8465471859,slawried2@reddit.com,Subcontractor
472,Mureil Kenwin,6237377158,mkenwind3@jimdo.com,Supervisor
473,Adair Maingot,6259832127,amaingotd4@bigcartel.com,Estimator
474,Sauveur Rhodus,4326458410,srhodusd5@wsj.com,Subcontractor
475,Astra Comfort,8266812689,acomfortd6@edublogs.org,Electrician
476,Hermann Probbings,3206527378,hprobbingsd7@uol.com.br,Engineer
477,Alvy Carn,4142299917,acarnd8@pcworld.com,Estimator
478,Gawen Philipeau,2689370460,gphilipeaud9@bigcartel.com,Construction Worker
479,Tish Gilhespy,5112296545,tgilhespyda@woothemes.com,Estimator
480,Lynea Ping,5288053039,lpingdb@unesco.org,Subcontractor
481,Mischa Clemmens,9532869103,mclemmensdc@umich.edu,Construction Manager
482,Roosevelt Ludovico,3769308889,rludovicodd@amazonaws.com,Subcontractor
483,Isabella Netherclift,8586540714,inethercliftde@aol.com,Engineer
484,Sayer Vannuccinii,1822827645,svannucciniidf@diigo.com,Surveyor
485,Carita Le Galle,1566730553,cledg@twitter.com,Architect
486,Avivah Preator,4916983244,apreatordh@npr.org,Engineer
487,Livvyy McBratney,3885368795,lmcbratneydi@tripod.com,Construction Manager
488,Nata Sante,1039011387,nsantedj@shop-pro.jp,Electrician
489,Aloysia Eggle,9552113844,aeggledk@epa.gov,Supervisor
490,Mallory Lipmann,1308746651,mlipmanndl@tinyurl.com,Surveyor
491,Jodee Dufour,3883338944,jdufourdm@instagram.com,Estimator
492,Germain Paolo,2244770982,gpaolodn@vimeo.com,Architect
493,Carmina Cardenas,7723124086,ccardenasdo@sitemeter.com,Construction Worker
494,Gabby Feechum,7859290412,gfeechumdp@answers.com,Estimator
495,Geneva MacClure,7957432854,gmaccluredq@newyorker.com,Construction Manager
496,Berni Medford,4431578173,bmedforddr@ning.com,Surveyor
497,Alanah Summons,8545792842,asummonsds@who.int,Surveyor
498,Harley Nabbs,3231526708,hnabbsdt@creativecommons.org,Estimator
499,Beilul McFeate,5938046992,bmcfeatedu@hibu.com,Construction Worker
500,Garrard Mardy,4325670728,gmardydv@dagondesign.com,Estimator
501,Hanna Voisey,9122428300,hvoiseydw@yolasite.com,Construction Foreman
502,Sophia Hick,4937135548,shickdx@vkontakte.ru,Construction Foreman
503,Tally Smeuin,7276653538,tsmeuindy@businessweek.com,Supervisor
504,Ardene Sibson,5248052347,asibsondz@huffingtonpost.com,Construction Expeditor
505,Silvio Gagin,9024228233,sgagine0@desdev.cn,Construction Manager
506,Kerri Kiehnlt,5443713181,kkiehnlte1@noaa.gov,Construction Manager
507,Joelynn Christou,7696963084,jchristoue2@gov.uk,Construction Worker
508,Madelaine Olsen,5552409636,molsene3@youku.com,Estimator
509,Tadio Steffans,3549888134,tsteffanse4@fema.gov,Architect
510,Amity McLaughlin,1521544258,amclaughline5@sciencedirect.com,Estimator
511,Barbabas Michelet,2305979338,bmichelete6@linkedin.com,Electrician
512,Thibaut MacTrustie,2664561987,tmactrustiee7@bbc.co.uk,Electrician
513,Anna-diana Doyland,7022199725,adoylande8@state.tx.us,Engineer
514,Bowie Corter,4443952988,bcortere9@va.gov,Supervisor
515,Blaine Lloyd,4032910758,blloydea@weibo.com,Electrician
516,Janela Brittlebank,5629437655,jbrittlebankeb@china.com.cn,Engineer
517,Aloysius Hoffmann,9045397685,ahoffmannec@qq.com,Subcontractor
518,Etty Itzcovichch,9863893366,eitzcovichched@linkedin.com,Construction Manager
519,Noami Di Filippo,3604982383,ndiee@stumbleupon.com,Subcontractor
520,Elaine Tripony,4054141583,etriponyef@google.co.uk,Electrician
521,Jillian Gillise,4996776033,jgilliseeg@acquirethisname.com,Construction Worker
522,Amity Golton,4531783054,agoltoneh@columbia.edu,Construction Expeditor
523,Maurice Tearle,2485302532,mtearleei@usnews.com,Engineer
524,Iver Rasell,4831750697,irasellej@live.com,Construction Expeditor
525,Hedy Stanford,4963580609,hstanfordek@narod.ru,Architect
526,Emmey Harold,8568548543,eharoldel@instagram.com,Surveyor
527,Eugine Beyn,8392190189,ebeynem@ezinearticles.com,Construction Expeditor
528,Phil Tallquist,5492920345,ptallquisten@jugem.jp,Project Manager
529,Winona Akenhead,5409183873,wakenheadeo@whitehouse.gov,Architect
530,Avictor Maidment,2943207830,amaidmentep@friendfeed.com,Engineer
531,Hans Pavlasek,8529464965,hpavlasekeq@blogtalkradio.com,Supervisor
532,Kaye Saunders,1889990655,ksaunderser@csmonitor.com,Construction Manager
533,Winne Battisson,6144805057,wbattissones@japanpost.jp,Architect
534,Michaella Battell,3889232029,mbattellet@github.io,Engineer
535,Garvy Rudall,7913212534,grudalleu@shinystat.com,Construction Worker
536,Devonne Povall,7813964706,dpovallev@tuttocitta.it,Surveyor
537,Jorgan Dean,7404660155,jdeanew@blinklist.com,Estimator
538,Wallache Toombes,5646757386,wtoombesex@sciencedirect.com,Supervisor
539,Krispin Sturch,4618448093,ksturchey@istockphoto.com,Estimator
540,Meredith Elgood,7186628419,melgoodez@bigcartel.com,Construction Worker
541,Codie Gaynesford,4108328214,cgaynesfordf0@google.co.uk,Surveyor
542,Pepito Menelaws,1143602963,pmenelawsf1@usa.gov,Surveyor
543,Jozef Crosetto,3303587381,jcrosettof2@lulu.com,Estimator
544,Olenolin Duckerin,5987586784,oduckerinf3@washingtonpost.com,Electrician
545,Jody Balfe,1703764165,jbalfef4@nyu.edu,Construction Worker
546,Andris MacArte,3987423034,amacartef5@narod.ru,Supervisor
547,Sigvard Spellessy,8105318632,sspellessyf6@simplemachines.org,Construction Foreman
548,Odette Abbett,3349552268,oabbettf7@twitter.com,Construction Manager
549,Courtney Kiddy,1501210294,ckiddyf8@bizjournals.com,Electrician
550,Stanislas Giacobini,8913016199,sgiacobinif9@imdb.com,Supervisor
551,Micky Daskiewicz,2304898225,mdaskiewiczfa@dailymotion.com,Construction Foreman
552,Thedrick McIllroy,3295862576,tmcillroyfb@huffingtonpost.com,Subcontractor
553,Sloane Fludgate,6918603641,sfludgatefc@goo.gl,Construction Manager
554,Eadmund Klimushev,4803263729,eklimushevfd@hugedomains.com,Construction Expeditor
555,Neill Conti,1117438877,ncontife@bing.com,Construction Expeditor
556,Olivia Fere,8654310304,ofereff@rambler.ru,Electrician
557,Nikaniki Frankiewicz,1124634518,nfrankiewiczfg@umn.edu,Construction Manager
558,Allin Tunna,4503563743,atunnafh@cdbaby.com,Supervisor
559,John Anfusso,9144899580,janfussofi@nature.com,Construction Worker
560,Regina Lockless,7251762614,rlocklessfj@twitpic.com,Supervisor
561,Delly Dinsey,5143778995,ddinseyfk@jigsy.com,Construction Worker
562,Margalo Clingan,7109928844,mclinganfl@amazon.co.uk,Estimator
563,Isabeau Childe,6028498417,ichildefm@hibu.com,Engineer
564,Candace Demke,3349382496,cdemkefn@vimeo.com,Estimator
565,Wallache Bewshaw,9331949687,wbewshawfo@barnesandnoble.com,Electrician
566,Chrystel Parnaby,9417858571,cparnabyfp@google.es,Project Manager
567,Dionysus Kebell,6442174276,dkebellfq@businessweek.com,Project Manager
568,Tessy Feige,8188687586,tfeigefr@sakura.ne.jp,Surveyor
569,Dixie Washington,8389193338,dwashingtonfs@ifeng.com,Electrician
570,Karylin Twitchett,6546641791,ktwitchettft@goodreads.com,Construction Foreman
571,Greg Dudbridge,7556394413,gdudbridgefu@abc.net.au,Construction Worker
572,Elmer Flarity,5545115736,eflarityfv@ifeng.com,Construction Foreman
573,Rhianon Pescod,9588946132,rpescodfw@godaddy.com,Supervisor
574,Doris Berrington,1472490881,dberringtonfx@de.vu,Construction Manager
575,Lillis Proswell,8108617438,lproswellfy@ucoz.ru,Estimator
576,Clerissa Brabin,1016709233,cbrabinfz@xinhuanet.com,Supervisor
577,Carol Chivers,7067590419,cchiversg0@amazon.de,Construction Manager
578,Chadwick Bernardelli,8442511053,cbernardellig1@cnn.com,Surveyor
579,Brittni Laughton,5638531104,blaughtong2@washington.edu,Architect
580,Cello How,8459178949,chowg3@usatoday.com,Electrician
581,Josie Whistance,3488948928,jwhistanceg4@twitpic.com,Construction Foreman
582,Yulma Burel,5764642492,yburelg5@bigcartel.com,Construction Foreman
583,Ania Duro,1764687158,adurog6@reference.com,Surveyor
584,Gerardo McSaul,6012380321,gmcsaulg7@fda.gov,Construction Manager
585,Agatha Baxstar,5639559674,abaxstarg8@blogs.com,Supervisor
586,Dinah Jobin,2196902492,djobing9@statcounter.com,Construction Foreman
587,Kinny Teffrey,3543620229,kteffreyga@stanford.edu,Project Manager
588,Pippa Knewstub,3248589224,pknewstubgb@ted.com,Project Manager
589,Flor Brigman,4641569247,fbrigmangc@issuu.com,Electrician
590,Elonore Pacquet,8006957362,epacquetgd@paypal.com,Supervisor
591,Elfrieda Kemm,1862158406,ekemmge@mysql.com,Subcontractor
592,Mischa Betonia,2415800821,mbetoniagf@freewebs.com,Subcontractor
593,Cinderella Jeggo,2074358318,cjeggogg@mit.edu,Supervisor
594,Avis Rodrigo,7599578416,arodrigogh@bing.com,Construction Worker
595,Sandra Heasley,8566044904,sheasleygi@yahoo.co.jp,Project Manager
596,Feliks Lapthorne,9445349312,flapthornegj@ifeng.com,Project Manager
597,Mallissa Chancelier,2903584752,mchanceliergk@spiegel.de,Construction Manager
598,Jecho Abrahamowitcz,5146098514,jabrahamowitczgl@hatena.ne.jp,Construction Expeditor
599,Ashla Senyard,2022932188,asenyardgm@quantcast.com,Construction Expeditor
600,Ludovika Clowton,2415768925,lclowtongn@ehow.com,Construction Manager
601,Tarra Viel,1823607497,tvielgo@vk.com,Project Manager
602,Thorpe Sibthorpe,4097123269,tsibthorpegp@mozilla.com,Supervisor
603,Lyndsie Yearron,6143512052,lyearrongq@cdc.gov,Architect
604,Bastien Banasiak,3604319072,bbanasiakgr@ocn.ne.jp,Project Manager
605,Violet Thorius,8695536486,vthoriusgs@yellowpages.com,Construction Worker
606,Gerri Sadler,4076699670,gsadlergt@shareasale.com,Architect
607,Merry Wormstone,8658195020,mwormstonegu@yahoo.co.jp,Construction Worker
608,North Blowers,1868394584,nblowersgv@tripadvisor.com,Subcontractor
609,Clementine Chaudrelle,3279650744,cchaudrellegw@tiny.cc,Architect
610,Demetra Southernwood,7155956329,dsouthernwoodgx@guardian.co.uk,Project Manager
611,Charissa Taborre,9966945249,ctaborregy@chronoengine.com,Supervisor
612,Corette Hantusch,8062516741,chantuschgz@photobucket.com,Supervisor
613,Agustin Kondratowicz,4803215720,akondratowiczh0@disqus.com,Construction Worker
614,Felipa Lockhart,2103894077,flockharth1@jalbum.net,Architect
615,Hendrick Taw,8974601165,htawh2@github.io,Construction Worker
616,Reynold Phizakarley,3119397491,rphizakarleyh3@t-online.de,Architect
617,Lucien Goldstein,4142110708,lgoldsteinh4@alexa.com,Construction Expeditor
618,Wadsworth Pummery,7509196722,wpummeryh5@addthis.com,Construction Expeditor
619,Louis Pack,4935966299,lpackh6@webmd.com,Estimator
620,Penelopa Starrs,7698754019,pstarrsh7@ocn.ne.jp,Construction Expeditor
621,Hanan Cartmill,8771331725,hcartmillh8@furl.net,Supervisor
622,Hartley MacLleese,2638638728,hmaclleeseh9@bravesites.com,Architect
623,Lorene MacKellar,7348592892,lmackellarha@weebly.com,Estimator
624,Onfre Anyon,1478183439,oanyonhb@army.mil,Construction Foreman
625,Ninette Elleray,2389406625,nellerayhc@businessweek.com,Architect
626,Sherm Sarginson,2701831511,ssarginsonhd@epa.gov,Construction Manager
627,Michaella Jizhaki,8064789569,mjizhakihe@blinklist.com,Engineer
628,Bret Skyppe,9703320291,bskyppehf@examiner.com,Architect
629,Brandi Rubberts,3206944017,brubbertshg@chronoengine.com,Subcontractor
630,Hewett Parratt,9049254738,hparratthh@craigslist.org,Construction Manager
631,Kellyann Sawney,9792532000,ksawneyhi@wordpress.com,Construction Manager
632,Jocelin Fassman,8201706267,jfassmanhj@nps.gov,Estimator
633,Nikolaos Zieme,8835290399,nziemehk@shareasale.com,Construction Expeditor
634,Kingsly Stilliard,1864974060,kstilliardhl@mac.com,Subcontractor
635,Brien Sibbe,1602015467,bsibbehm@surveymonkey.com,Supervisor
636,Wanda Donnan,3029556114,wdonnanhn@tiny.cc,Construction Expeditor
637,Johny Tomasutti,3035411681,jtomasuttiho@google.it,Construction Manager
638,Ralina Gasperi,1474198418,rgasperihp@networkadvertising.org,Subcontractor
639,Barron Westrope,5128146491,bwestropehq@google.com.hk,Architect
640,Randal Dominichetti,4391863373,rdominichettihr@github.io,Construction Foreman
641,Maritsa Tather,1758603246,mtatherhs@qq.com,Estimator
642,Bernardo Mulroy,6588648998,bmulroyht@indiatimes.com,Construction Manager
643,Shurlocke Pengilley,7448532694,spengilleyhu@cdbaby.com,Engineer
644,Elvira Deetlof,4195820870,edeetlofhv@vkontakte.ru,Construction Worker
645,Dedra Geldeard,2253295513,dgeldeardhw@gnu.org,Construction Manager
646,Milton Trevino,6667208461,mtrevinohx@creativecommons.org,Subcontractor
647,Alvin Edmonstone,1282850754,aedmonstonehy@eventbrite.com,Surveyor
648,Wald Whitehair,1192378448,wwhitehairhz@techcrunch.com,Engineer
649,Jesselyn Leggin,3507212155,jleggini0@webmd.com,Project Manager
650,Gibbie Strickland,7533330614,gstricklandi1@ebay.com,Surveyor
651,Lowe Rojas,3577133891,lrojasi2@netscape.com,Estimator
652,Malorie Nano,8645532886,mnanoi3@go.com,Supervisor
653,Napoleon Meininger,5241835898,nmeiningeri4@hhs.gov,Construction Worker
654,Annadiana Fleischmann,3571888053,afleischmanni5@ask.com,Construction Expeditor
655,Claudia Faucherand,5734721867,cfaucherandi6@usda.gov,Project Manager
656,Hinda Jeaycock,2691509474,hjeaycocki7@ox.ac.uk,Project Manager
657,Gal Shenfish,3197026579,gshenfishi8@unc.edu,Surveyor
658,Alia Mullineux,1044921155,amullineuxi9@bizjournals.com,Supervisor
659,Sydel Rollason,8157282040,srollasonia@elpais.com,Engineer
660,Tim Knill,2051432845,tknillib@tamu.edu,Surveyor
661,Andi Getcliffe,1937447571,agetcliffeic@ft.com,Construction Manager
662,Linnell Garbett,2024202318,lgarbettid@com.com,Engineer
663,Bran Band,4854322287,bbandie@noaa.gov,Supervisor
664,Theodor Boam,4222190533,tboamif@liveinternet.ru,Construction Expeditor
665,Tye Clewer,8058582080,tclewerig@europa.eu,Construction Foreman
666,Lion Derle,5041717105,lderleih@youtu.be,Electrician
667,Kaja Desouza,7093107331,kdesouzaii@nasa.gov,Construction Expeditor
668,Serena Yellep,1452108246,syellepij@github.com,Construction Worker
669,Myron Elmer,9698358500,melmerik@sbwire.com,Engineer
670,Winnie Cromblehome,1987996169,wcromblehomeil@taobao.com,Supervisor
671,Rolfe Abbate,5634745607,rabbateim@goo.gl,Architect
672,Arther Butterwick,2026766765,abutterwickin@skyrock.com,Construction Worker
673,Denna Durham,9216470441,ddurhamio@mozilla.com,Construction Worker
674,Jedidiah Smittoune,4357357905,jsmittouneip@nsw.gov.au,Subcontractor
675,Cirilo Lorenzetto,6197058501,clorenzettoiq@webs.com,Construction Foreman
676,Casandra Tregensoe,4843389249,ctregensoeir@squidoo.com,Subcontractor
677,Alessandra Pipworth,5662137645,apipworthis@aboutads.info,Electrician
678,Duncan Longden,5048732779,dlongdenit@google.ca,Subcontractor
679,Andrus Stapley,9022035375,astapleyiu@tripod.com,Engineer
680,Kayne Kunisch,2738461631,kkunischiv@mit.edu,Construction Worker
681,Eartha Skirrow,1438488669,eskirrowiw@goodreads.com,Supervisor
682,Dilan Ringe,5657066661,dringeix@ustream.tv,Estimator
683,Delinda Baunton,5106857666,dbauntoniy@topsy.com,Construction Worker
684,Smith Ghidoli,9256938435,sghidoliiz@yelp.com,Surveyor
685,Jere Jerschke,8831992901,jjerschkej0@jalbum.net,Construction Foreman
686,Ramona Dudden,4881922384,rduddenj1@gov.uk,Electrician
687,Evvie Ambrogioli,3488603042,eambrogiolij2@yahoo.com,Construction Expeditor
688,Kiri Ettridge,5562456415,kettridgej3@patch.com,Surveyor
689,Arielle Klaessen,7451383386,aklaessenj4@washington.edu,Supervisor
690,Sheeree Eager,5521768626,seagerj5@thetimes.co.uk,Construction Manager
691,Burtie De Marchi,5403436538,bdej6@nih.gov,Subcontractor
692,Silvain Folker,6923031881,sfolkerj7@jalbum.net,Construction Expeditor
693,Tandie Forth,3922378642,tforthj8@google.nl,Estimator
694,Ceciley Cadagan,9272029883,ccadaganj9@slideshare.net,Engineer
695,Claudetta Roskilly,3829382874,croskillyja@lycos.com,Estimator
696,Drusy Girardet,7773481127,dgirardetjb@yellowpages.com,Construction Foreman
697,Johann Cottrill,5534396440,jcottrilljc@elegantthemes.com,Subcontractor
698,Joana Iskower,4503835748,jiskowerjd@fotki.com,Construction Worker
699,Haskel Coventry,7814080601,hcoventryje@1und1.de,Engineer
700,Emily Bamling,5251010012,ebamlingjf@princeton.edu,Construction Foreman
701,Arabele Ashby,3335864218,aashbyjg@cyberchimps.com,Architect
702,Mel Schenfisch,9079311255,mschenfischjh@dropbox.com,Electrician
703,Wilhelmine McAlroy,6577378943,wmcalroyji@list-manage.com,Construction Worker
704,Lenard Rizzello,4861892751,lrizzellojj@miitbeian.gov.cn,Construction Worker
705,Boony Bernardet,5399228221,bbernardetjk@buzzfeed.com,Supervisor
706,Helenelizabeth Shalcras,2177204438,hshalcrasjl@pbs.org,Estimator
707,Freddy Odell,5968621944,fodelljm@bloomberg.com,Project Manager
708,Gunar Chadwyck,7122630192,gchadwyckjn@altervista.org,Supervisor
709,Berk Shearsby,4517652606,bshearsbyjo@tinypic.com,Subcontractor
710,Zia Goligher,8405229820,zgoligherjp@nasa.gov,Estimator
711,Hana Jovey,1914284515,hjoveyjq@typepad.com,Architect
712,Les Noore,7927950130,lnoorejr@nps.gov,Construction Foreman
713,Blake Fosberry,7583478165,bfosberryjs@flickr.com,Surveyor
714,Aurea MacNeish,1697150092,amacneishjt@patch.com,Supervisor
715,Dunstan Stoffersen,6743519822,dstoffersenju@so-net.ne.jp,Construction Worker
716,Dyana Stealy,3744383992,dstealyjv@archive.org,Construction Expeditor
717,Dolf Taveriner,2765862334,dtaverinerjw@cam.ac.uk,Construction Expeditor
718,Vicky Armor,8387479989,varmorjx@umich.edu,Subcontractor
719,Gabby Dootson,2978255463,gdootsonjy@earthlink.net,Construction Expeditor
720,Maje Farrear,1863145803,mfarrearjz@washingtonpost.com,Construction Foreman
721,Bliss Coulling,7334566346,bcoullingk0@topsy.com,Subcontractor
722,Piggy Blazey,4102752949,pblazeyk1@hud.gov,Electrician
723,Carlye Jentle,3613577366,cjentlek2@fema.gov,Supervisor
724,Brent O'Codihie,8489105276,bocodihiek3@dmoz.org,Construction Manager
725,Roland Beenham,4763942201,rbeenhamk4@posterous.com,Estimator
726,Nady Edmeades,2228757606,nedmeadesk5@vimeo.com,Surveyor
727,Kary Kumar,6649285672,kkumark6@dropbox.com,Construction Expeditor
728,Curtice Michelotti,8377998323,cmichelottik7@yellowpages.com,Estimator
729,Langston Critten,6038675836,lcrittenk8@prnewswire.com,Construction Expeditor
730,Lindy Schnitter,3433043785,lschnitterk9@smugmug.com,Construction Worker
731,Zara Weatherley,8441518181,zweatherleyka@gravatar.com,Supervisor
732,Belita Philippon,6186067217,bphilipponkb@scientificamerican.com,Construction Foreman
733,Lock Arlett,4975650450,larlettkc@alexa.com,Estimator
734,Vania Alban,1085474533,valbankd@360.cn,Subcontractor
735,Theodoric Lyness,6899431066,tlynesske@un.org,Construction Foreman
736,Winny Fishbie,2224445872,wfishbiekf@bluehost.com,Engineer
737,Willy Bindley,6216115117,wbindleykg@census.gov,Construction Worker
738,Arnie Stratton,9321023255,astrattonkh@ning.com,Construction Expeditor
739,Forrester Agnolo,3029467518,fagnoloki@blog.com,Construction Manager
740,Brynne Chaudrelle,1159049163,bchaudrellekj@adobe.com,Estimator
741,Rene Wilson,7524008423,rwilsonkk@shareasale.com,Surveyor
742,Joellyn Kubacek,6843759452,jkubacekkl@soundcloud.com,Supervisor
743,Saidee Prevett,8548506545,sprevettkm@gizmodo.com,Construction Foreman
744,Silvia McOrkil,7376949873,smcorkilkn@photobucket.com,Surveyor
745,Laurie Aingel,6465170681,laingelko@netscape.com,Subcontractor
746,Ruttger Mawhinney,4626547259,rmawhinneykp@exblog.jp,Electrician
747,Isobel Summons,8627609057,isummonskq@google.ca,Estimator
748,Isidro Maidlow,4137152652,imaidlowkr@delicious.com,Construction Worker
749,Constancy Pinfold,4172272856,cpinfoldks@wordpress.com,Construction Foreman
750,Cooper Earl,2921248336,cearlkt@discovery.com,Supervisor
751,Sheryl Trahear,8888491969,strahearku@pbs.org,Construction Worker
752,Otis Headings,8547356411,oheadingskv@shop-pro.jp,Project Manager
753,Kalil Goodsall,5571931774,kgoodsallkw@imdb.com,Architect
754,Shirleen Wetter,8133843136,swetterkx@ted.com,Project Manager
755,Christabella Muckloe,7382506007,cmuckloeky@xinhuanet.com,Project Manager
756,Greta Sarsfield,9243818471,gsarsfieldkz@tuttocitta.it,Construction Expeditor
757,Frankie Muscroft,7416833925,fmuscroftl0@deliciousdays.com,Estimator
758,Donni Patten,1171217167,dpattenl1@odnoklassniki.ru,Electrician
759,Marty Brewin,4208693383,mbrewinl2@skyrock.com,Engineer
760,Hulda Fenne,1764564274,hfennel3@narod.ru,Electrician
761,Bil Frudd,7998745342,bfruddl4@army.mil,Electrician
762,Laurette Dewane,8325636375,ldewanel5@arstechnica.com,Surveyor
763,Lara Alejo,6176062849,lalejol6@mayoclinic.com,Construction Manager
764,Axel Nolte,7808915322,anoltel7@chronoengine.com,Electrician
765,Deck Layhe,7922222472,dlayhel8@microsoft.com,Construction Manager
766,Leilah Sones,2829685319,lsonesl9@unc.edu,Electrician
767,Asia Culp,1597011793,aculpla@weather.com,Engineer
768,Coretta Rickasse,3591393774,crickasselb@people.com.cn,Surveyor
769,Gian Siley,3552118393,gsileylc@msn.com,Construction Manager
770,Clo Navaro,5195001612,cnavarold@meetup.com,Construction Expeditor
771,Estell Gavrielli,2649519255,egavriellile@skype.com,Architect
772,Cobb Eeles,5265310117,ceeleslf@reference.com,Project Manager
773,Kev Langeley,1825161815,klangeleylg@timesonline.co.uk,Project Manager
774,Aggy Bodocs,9347641104,abodocslh@skype.com,Estimator
775,Malinda Fosberry,1075286021,mfosberryli@networksolutions.com,Estimator
776,Ermengarde Denkin,3859573974,edenkinlj@vinaora.com,Project Manager
777,Bradly Bridat,8535320438,bbridatlk@princeton.edu,Construction Worker
778,Aleda Cripwell,5609617294,acripwellll@reuters.com,Construction Foreman
779,Stanton Pierton,7263016029,spiertonlm@ucla.edu,Construction Expeditor
780,Devon Wrightam,2507996772,dwrightamln@arizona.edu,Construction Foreman
781,Isidora Bimson,4358317124,ibimsonlo@bloglovin.com,Engineer
782,Joela Doel,8225907799,jdoellp@clickbank.net,Architect
783,Den Reven,3743971273,drevenlq@lycos.com,Construction Foreman
784,Carolyn Pischel,9569663182,cpischellr@cafepress.com,Construction Manager
785,Sarge Rickert,7244828388,srickertls@wired.com,Supervisor
786,Allene Conew,3331262108,aconewlt@soup.io,Supervisor
787,Penelopa Persian,5378442292,ppersianlu@sourceforge.net,Construction Worker
788,Lek Gyde,9189040741,lgydelv@bloglines.com,Electrician
789,Collie O'Hollegan,4627153306,coholleganlw@merriam-webster.com,Project Manager
790,Brad Dunhill,7284091251,bdunhilllx@psu.edu,Architect
791,Holly Howitt,6465991485,hhowittly@cdc.gov,Subcontractor
792,Jobyna Letixier,1612271098,jletixierlz@msn.com,Construction Expeditor
793,Elliott Ather,9544448566,eatherm0@ox.ac.uk,Electrician
794,Jenelle Beacon,1109775492,jbeaconm1@archive.org,Construction Foreman
795,Gardy Spadelli,9298308275,gspadellim2@princeton.edu,Engineer
796,Daile Bennison,1143536479,dbennisonm3@ebay.co.uk,Project Manager
797,Jodee Farquhar,8531725945,jfarquharm4@howstuffworks.com,Architect
798,Bowie Cockrell,2109188624,bcockrellm5@blog.com,Subcontractor
799,Avrom Ibbison,9644894456,aibbisonm6@java.com,Engineer
800,Kimmy Dincke,6339565751,kdinckem7@tiny.cc,Construction Worker
801,Yoshiko Benstead,6321777870,ybensteadm8@harvard.edu,Subcontractor
802,Isadora Solesbury,4385347933,isolesburym9@loc.gov,Construction Manager
803,Renae Edmund,1847947091,redmundma@livejournal.com,Construction Foreman
804,Neda Goddert.sf,7258051102,ngoddertsfmb@google.fr,Engineer
805,Gertrud Standring,9361793406,gstandringmc@hc360.com,Subcontractor
806,Phylis Guerin,1838150415,pguerinmd@slate.com,Project Manager
807,Corabel Filippucci,9143130576,cfilippuccime@buzzfeed.com,Architect
808,Adams Jenson,1166524521,ajensonmf@slashdot.org,Construction Manager
809,Rayna Delaprelle,6043454416,rdelaprellemg@examiner.com,Engineer
810,Maggee Baird,4528014781,mbairdmh@delicious.com,Surveyor
811,Matthaeus Dunkersley,4498118814,mdunkersleymi@cargocollective.com,Construction Expeditor
812,Dallis Stapforth,1816942099,dstapforthmj@blinklist.com,Subcontractor
813,Percival Blakey,3749694404,pblakeymk@lycos.com,Electrician
814,Dosi Pattie,9175642624,dpattieml@harvard.edu,Construction Expeditor
815,Aime Schofield,9111794614,aschofieldmm@xrea.com,Estimator
816,Felicdad Ramsdale,8173531271,framsdalemn@uol.com.br,Architect
817,Terence Ambrozik,8884802050,tambrozikmo@aol.com,Electrician
818,Bibbie Speerman,3427690841,bspeermanmp@engadget.com,Supervisor
819,Margit Crippell,6064898596,mcrippellmq@xinhuanet.com,Construction Expeditor
820,Teri Soanes,5997330247,tsoanesmr@epa.gov,Estimator
821,Zaria Durbyn,8837258688,zdurbynms@nbcnews.com,Architect
822,Karlotta Bierling,8596742960,kbierlingmt@exblog.jp,Supervisor
823,Natalie Rookeby,6794132732,nrookebymu@w3.org,Surveyor
824,Robbert Stanton,4395972710,rstantonmv@pinterest.com,Subcontractor
825,Gisele Bendley,2433000632,gbendleymw@dot.gov,Electrician
826,Betteanne Kisting,8933873945,bkistingmx@barnesandnoble.com,Estimator
827,Ollie Major,8928114874,omajormy@jiathis.com,Subcontractor
828,Evey Guttridge,5535294111,eguttridgemz@github.com,Electrician
829,Chan Razzell,9397609486,crazzelln0@delicious.com,Project Manager
830,Kaila Pittham,3863738950,kpitthamn1@studiopress.com,Engineer
831,Mac Tyler,5217834124,mtylern2@smugmug.com,Construction Worker
832,Frederigo Custance,9161609580,fcustancen3@devhub.com,Subcontractor
833,Dick Lalevee,6863915495,dlaleveen4@alexa.com,Surveyor
834,Dar Bragg,6108116153,dbraggn5@google.ca,Subcontractor
835,Isidora Snaden,6727726622,isnadenn6@usnews.com,Estimator
836,Valaree Matveyev,6036659112,vmatveyevn7@diigo.com,Construction Manager
837,Gertrud Silverstone,7763597954,gsilverstonen8@examiner.com,Construction Expeditor
838,Sari Moggle,9494102858,smogglen9@typepad.com,Architect
839,Abbe Varnals,1646567537,avarnalsna@hibu.com,Subcontractor
840,Stavros Jackson,2874915694,sjacksonnb@slate.com,Estimator
841,Findlay Tosh,1186853409,ftoshnc@huffingtonpost.com,Subcontractor
842,Edvard Pendre,7243695277,ependrend@gmpg.org,Electrician
843,Miner Sherred,7527226243,msherredne@prlog.org,Electrician
844,Vi Wycherley,1144070996,vwycherleynf@jalbum.net,Project Manager
845,Fleurette Breazeall,6579214007,fbreazeallng@nationalgeographic.com,Surveyor
846,Kalvin McGiven,5364755411,kmcgivennh@4shared.com,Architect
847,Quinlan Hubberstey,6479225760,qhubbersteyni@bbc.co.uk,Estimator
848,Jolynn Gauld,7224635714,jgauldnj@engadget.com,Architect
849,Thor Grigoryev,5635233671,tgrigoryevnk@nationalgeographic.com,Subcontractor
850,Reider Godding,5061946963,rgoddingnl@gmpg.org,Construction Manager
851,Andras Mutter,1633627289,amutternm@techcrunch.com,Electrician
852,Steward Loble,9668224943,sloblenn@cpanel.net,Electrician
853,Billy Petran,8299018257,bpetranno@cbc.ca,Project Manager
854,Val Gabbetis,3499614405,vgabbetisnp@dell.com,Estimator
855,Engelbert Janouch,8717259592,ejanouchnq@msn.com,Electrician
856,Selinda Tumpane,5058872977,stumpanenr@webs.com,Subcontractor
857,Darrel Silverthorn,2657208817,dsilverthornns@dropbox.com,Construction Expeditor
858,Helen-elizabeth Kester,7155288870,hkesternt@smh.com.au,Construction Expeditor
859,Ax Scyner,5396429207,ascynernu@usnews.com,Supervisor
860,Roselle Chardin,8379332563,rchardinnv@narod.ru,Estimator
861,Selene Clandillon,2867515004,sclandillonnw@amazon.de,Construction Manager
862,Amie Romi,9107547910,arominx@lycos.com,Electrician
863,Jamie O'Hanley,3258751906,johanleyny@wikipedia.org,Estimator
864,Thadeus O'Brallaghan,3157710968,tobrallaghannz@skyrock.com,Construction Expeditor
865,Drusilla Embra,4937282590,dembrao0@go.com,Architect
866,Alan Lubomirski,9816618888,alubomirskio1@mapquest.com,Construction Expeditor
867,Cory Dugmore,8603658125,cdugmoreo2@wp.com,Supervisor
868,Tootsie Jeggo,4581897906,tjeggoo3@is.gd,Electrician
869,Auberta Boothby,2388925766,aboothbyo4@google.es,Engineer
870,Nina Dumberell,5876867227,ndumberello5@foxnews.com,Construction Expeditor
871,Kari Burnsyde,3846900430,kburnsydeo6@eepurl.com,Construction Manager
872,Sandi Brideaux,9139299710,sbrideauxo7@goodreads.com,Architect
873,Marin Hutchason,3435559948,mhutchasono8@bluehost.com,Electrician
874,Harrietta Wilkinson,5824011512,hwilkinsono9@usda.gov,Construction Expeditor
875,Seline Durber,8415437861,sdurberoa@cdc.gov,Architect
876,Pippy Trynor,3541633134,ptrynorob@disqus.com,Engineer
877,Baxter Gooley,8257582953,bgooleyoc@hibu.com,Supervisor
878,Orville Ghidoni,5125429553,oghidoniod@issuu.com,Construction Foreman
879,Maddy Squibb,6773018484,msquibboe@columbia.edu,Supervisor
880,Suellen Sinkinson,8821588873,ssinkinsonof@washington.edu,Supervisor
881,Marcile Banbury,2235283053,mbanburyog@photobucket.com,Supervisor
882,Melisse Thorley,9833114657,mthorleyoh@soundcloud.com,Construction Manager
883,Zena Baurerich,6706263122,zbaurerichoi@mashable.com,Engineer
884,Serene Champney,5867488104,schampneyoj@blog.com,Architect
885,Raphael Habeshaw,5602325137,rhabeshawok@businessweek.com,Construction Worker
886,Far Alanbrooke,3386814059,falanbrookeol@eventbrite.com,Electrician
887,Donovan Corington,4639723683,dcoringtonom@elegantthemes.com,Construction Expeditor
888,Delora Rizzi,6976379970,drizzion@illinois.edu,Estimator
889,Doralia Wheelan,1127866781,dwheelanoo@bloglovin.com,Engineer
890,Thia Refford,2904220172,treffordop@jimdo.com,Project Manager
891,Melesa Cota,7396795404,mcotaoq@hc360.com,Construction Worker
892,Roldan Renbold,5262997410,rrenboldor@google.cn,Surveyor
893,Gael Zannini,6999691927,gzanninios@webnode.com,Construction Worker
894,Lin Tuffrey,7626876002,ltuffreyot@mayoclinic.com,Construction Expeditor
895,Staci Woodford,6515888146,swoodfordou@aboutads.info,Construction Expeditor
896,Cazzie Le Blond,3831903528,cleov@tuttocitta.it,Surveyor
897,Orazio Goullee,4252961387,ogoulleeow@domainmarket.com,Engineer
898,Lana Gamet,8508247847,lgametox@symantec.com,Architect
899,Terrence Semark,4084009743,tsemarkoy@delicious.com,Supervisor
900,Wilmar Higgen,6204517830,whiggenoz@comcast.net,Electrician
901,Maje Stratford,2985649072,mstratfordp0@amazon.co.uk,Engineer
902,Jose Corpe,6381094913,jcorpep1@umich.edu,Subcontractor
903,Silvana Sircombe,5832416052,ssircombep2@sohu.com,Construction Manager
904,Eugene Diben,5665238895,edibenp3@wunderground.com,Architect
905,Sibylle Mawdsley,9512882906,smawdsleyp4@trellian.com,Construction Manager
906,Sherlocke Crix,7894595162,scrixp5@mayoclinic.com,Construction Expeditor
907,Lindsay Georghiou,9402757861,lgeorghioup6@live.com,Construction Foreman
908,Alaster Heephy,1727456179,aheephyp7@flavors.me,Construction Expeditor
909,Clyve Earwicker,8087480880,cearwickerp8@salon.com,Electrician
910,Emogene Grahamslaw,5667779651,egrahamslawp9@youtu.be,Subcontractor
911,Chickie Moulds,8635126446,cmouldspa@walmart.com,Construction Manager
912,Betteann Sales,6968853211,bsalespb@blinklist.com,Subcontractor
913,Carmelle Bonehill,7477275623,cbonehillpc@sina.com.cn,Construction Expeditor
914,Cayla Birwhistle,3944456162,cbirwhistlepd@who.int,Construction Manager
915,Nicko Downing,9607885064,ndowningpe@technorati.com,Construction Foreman
916,Vincenz Cobbe,1808922599,vcobbepf@goo.gl,Supervisor
917,Kerianne Went,4503111947,kwentpg@weibo.com,Architect
918,Anissa Evreux,4739227088,aevreuxph@phoca.cz,Supervisor
919,Louie Nunnerley,2446947207,lnunnerleypi@slate.com,Surveyor
920,Rochell Hatry,9827436325,rhatrypj@squidoo.com,Construction Foreman
921,Ianthe Forsdike,5708326539,iforsdikepk@uiuc.edu,Electrician
922,Marylinda MacCurley,2257374485,mmaccurleypl@globo.com,Electrician
923,Adelheid Clay,1555645751,aclaypm@newsvine.com,Estimator
924,Rossy Derobert,2409413093,rderobertpn@istockphoto.com,Electrician
925,Peggie Skillett,2694166885,pskillettpo@oaic.gov.au,Construction Foreman
926,Normand McGourty,7542685623,nmcgourtypp@cisco.com,Electrician
927,Maureen Kmieciak,2223908310,mkmieciakpq@chron.com,Supervisor
928,Alysa Hawkslee,1058265800,ahawksleepr@comcast.net,Electrician
929,Jolee Andres,7485771598,jandresps@lycos.com,Engineer
930,Emeline Marklin,8821756094,emarklinpt@businesswire.com,Surveyor
931,Taber Noye,4946206690,tnoyepu@oracle.com,Project Manager
932,Anatole Ling,2339602006,alingpv@mozilla.org,Supervisor
933,Terrye Turl,8975105732,tturlpw@wisc.edu,Engineer
934,Douglass Lidster,1271991826,dlidsterpx@issuu.com,Construction Worker
935,Laurice Veeler,7373658799,lveelerpy@dagondesign.com,Electrician
936,Boycey Truscott,1267636319,btruscottpz@usnews.com,Construction Foreman
937,Shaun Stangroom,5604851399,sstangroomq0@newsvine.com,Supervisor
938,Yasmin Schole,8971184117,yscholeq1@linkedin.com,Engineer
939,Paola Scowcraft,8166502709,pscowcraftq2@columbia.edu,Construction Foreman
940,Sissie Marlen,4584912198,smarlenq3@unicef.org,Supervisor
941,Osbourne Stringfellow,3588935677,ostringfellowq4@yellowpages.com,Construction Expeditor
942,Mord Closs,3475066690,mclossq5@twitter.com,Construction Worker
943,Malinda Ruf,4763078295,mrufq6@opensource.org,Construction Expeditor
944,Berry Lynes,4906317576,blynesq7@thetimes.co.uk,Estimator
945,Gilles Francescuzzi,4156021455,gfrancescuzziq8@ezinearticles.com,Subcontractor
946,Judye Ginnane,7007206969,jginnaneq9@aol.com,Architect
947,Ferdy Byng,6008431614,fbyngqa@ucla.edu,Surveyor
948,Sosanna Fidal,7003909262,sfidalqb@fastcompany.com,Estimator
949,Krishnah Ruddoch,3668461876,kruddochqc@biblegateway.com,Construction Expeditor
950,Silas Angliss,2173553711,sanglissqd@desdev.cn,Construction Expeditor
951,Martin McCourtie,8806944876,mmccourtieqe@europa.eu,Construction Manager
952,Wallace McPhillips,6076087182,wmcphillipsqf@domainmarket.com,Engineer
953,Christoforo McArley,4841094611,cmcarleyqg@google.com.br,Supervisor
954,Daphne Horsburgh,1581994381,dhorsburghqh@narod.ru,Project Manager
955,Nathanial Dinsey,4226082823,ndinseyqi@creativecommons.org,Subcontractor
956,Marlee Dy,2471954598,mdyqj@booking.com,Construction Worker
957,Simeon Westman,8879406246,swestmanqk@cornell.edu,Surveyor
958,Ricky McLucky,7998779765,rmcluckyql@stumbleupon.com,Electrician
959,Kennie McGilbon,8337302499,kmcgilbonqm@guardian.co.uk,Estimator
960,Sloan Allsopp,6686001685,sallsoppqn@dell.com,Electrician
961,Freedman Plaid,5059750772,fplaidqo@webnode.com,Construction Foreman
962,Lorilyn Stallen,7011929213,lstallenqp@samsung.com,Supervisor
963,Simon Yanyshev,5951506810,syanyshevqq@comcast.net,Estimator
964,Jared Sandison,3669936164,jsandisonqr@foxnews.com,Subcontractor
965,Warner Farney,5489747826,wfarneyqs@360.cn,Architect
966,Viva Grestye,1731486039,vgrestyeqt@alexa.com,Estimator
967,Sheilakathryn Wootton,2061603603,swoottonqu@businessinsider.com,Subcontractor
968,Kettie Ivetts,2127828369,kivettsqv@admin.ch,Surveyor
969,Godart Ferreira,3126897017,gferreiraqw@globo.com,Subcontractor
970,Dix Totton,9304548155,dtottonqx@mtv.com,Surveyor
971,Berton Ivett,1756998110,bivettqy@reference.com,Construction Manager
972,Dulciana Parmenter,6881885851,dparmenterqz@uiuc.edu,Supervisor
973,Ania Hymers,2899111745,ahymersr0@ihg.com,Construction Manager
974,Bartlett Jerdan,5699928341,bjerdanr1@1688.com,Construction Manager
975,Kippy Najera,8441291848,knajerar2@github.io,Architect
976,Julia Renzullo,1171289199,jrenzullor3@webnode.com,Architect
977,Payton Rozzier,2158439859,prozzierr4@salon.com,Construction Expeditor
978,Charisse Pache,1943419002,cpacher5@mayoclinic.com,Supervisor
979,Danica Bishop,6777081811,dbishopr6@addthis.com,Construction Worker
980,Margaretta McLarty,8495417076,mmclartyr7@wikimedia.org,Electrician
981,Sal Leopold,6354084310,sleopoldr8@twitpic.com,Construction Foreman
982,Maureen Crampsey,4337066457,mcrampseyr9@tiny.cc,Construction Worker
983,Tedman Veld,8171318501,tveldra@boston.com,Construction Manager
984,Caro Gibbeson,3258390018,cgibbesonrb@ocn.ne.jp,Estimator
985,Fitzgerald Deane,3604678676,fdeanerc@t-online.de,Construction Foreman
986,Tamqrah Crowson,5485738806,tcrowsonrd@dot.gov,Surveyor
987,Alvie Southerell,6616903533,asoutherellre@networksolutions.com,Construction Foreman
988,Aimil Surgenor,8866060015,asurgenorrf@quantcast.com,Project Manager
989,Augustine Petrazzi,8195334787,apetrazzirg@guardian.co.uk,Architect
990,Isahella Hick,4686208570,ihickrh@google.ca,Construction Worker
991,Aveline Clouter,4199423696,aclouterri@bigcartel.com,Architect
992,Rayshell Reggio,5284948773,rreggiorj@etsy.com,Surveyor
993,Jabez Freire,8281931894,jfreirerk@uol.com.br,Surveyor
994,Javier Heims,6846965285,jheimsrl@live.com,Architect
995,Melodee Flores,2516789580,mfloresrm@slideshare.net,Engineer
996,Odetta Hackleton,9463319321,ohackletonrn@mediafire.com,Subcontractor
997,Ora Clandillon,6005285204,oclandillonro@behance.net,Subcontractor
998,Pollyanna Addey,7176105271,paddeyrp@nyu.edu,Estimator
999,Kalinda Bronger,6967940298,kbrongerrq@blog.com,Construction Expeditor
1000,Packston Cottee,2679019477,pcotteerr@oaic.gov.au,Surveyor
